Name,Description,Language,Stars Gained,Last Updated,Issues,Forks,Pull Requests
VirtoCommerce/vc-theme-b2b,B2B theme for VirtoCommerce Storefront. The theme demonstrating various aspects of B2B functionality,Liquid,13,"on Apr 22, 2022",1,12,2
noizwaves/bootstrap-social-buttons,Social media button styles for Twitter Bootstrap,CSS,323,"on Sep 30, 2019",2,103,0
ruziyi/JavaBooks,Java 程序员常读书单整理，附下载地址，助力构建最强知识体系。但不限于 Java，包括设计模式、计算机网络、操作系统、数据库、数据结构与算法、大数据、架构、管理等等。,no language,13,"on Oct 12, 2020",0,1.4k,0
zhicheng/base64,base64 c implementation,C,240,"on Oct 1, 2020",0,101,1
karlseguin/the-little-mongodb-book,The Little MongoDB Book,TeX,1.5k,"on Nov 18, 2019",3,361,0
angular/bower-material,This repository is used for publishing the AngularJS Material v1.x library,JavaScript,506,"on Apr 12, 2022",0,278,0
l2beat/l2beat,L2BEAT is an analytics and research website about Ethereum layer two (L2) scaling solutions.,TypeScript,489,7 minutes ago,11,409,19
bingoogolapple/BGASwipeItemLayout-Android,类似 iOS 带弹簧效果的左右滑动控件，可作为 AbsListView 和 RecyclerView 的 item（作为 AbsListView 的 item 时的点击事件参考代码家的 https://github.com/daimajia/AndroidSwipeLayout…,Java,469,"on Nov 27, 2016",7,107,0
wesbos/burner-email-providers,A list of temporary email providers,JavaScript,1.1k,21 days ago,6,292,1
chaychan/BlogFileResource,CSDN博客用到的代码资源仓库,Java,177,"on Dec 17, 2018",1,136,0
BHOSC/BUAAthesis,北航毕设论文LaTeX模板,TeX,999,"on Jun 29, 2023",23,285,3
tesseract-ocr/tessdata_best,Best (most accurate) trained LSTM models.,no language,1.2k,on Mar 9,20,375,1
wildabeast/BarcodeDemo,Very basic demo of the BarcodeScanner Plugin for PhoneGap Build,CSS,119,"on Mar 16, 2017",9,233,3
yupoxiong/BearAdmin,基于ThinkPHP6.0+AdminLTE3.2的后台管理系统,PHP,420,on Jan 3,1,139,0
kiddyuchina/Beanbun,Beanbun 是用 PHP 编写的多进程网络爬虫框架，具有良好的开放性、高可扩展性，基于 Workerman。,PHP,1.2k,"on Apr 10, 2023",11,251,2
akarnokd/plan-b-terraform-mods,Unity/BepInEx mods for the Steam game Plan B Terraform,C#,28,23 days ago,7,5,0
Shopify/bootsnap,Boot large Ruby/Rails apps faster,Ruby,2.7k,on Aug 7,5,179,1
MlgmXyysd/Xiaomi-BootLoader-Questionnaire,小米 BootLoader《解锁资格答题测试》更新记录,no language,3k,28 days ago,0,88,1
Umbranoxio/BeatSaberModInstaller,Automatically installs Beat Saber mods with a single click,C#,687,"on Feb 9, 2020",4,163,2
screetsec/Brutal,Payload for teensy like a rubber ducky but the syntax is different. this Human interfaes device ( HID attacks ). Penetration With Teensy …,C++,1.1k,"on Mar 9, 2020",4,265,1
eunomia-bpf/bpf-developer-tutorial,eBPF Developer Tutorial: Learning eBPF Step by Step with Examples,C,2.4k,13 hours ago,22,349,0
Metabolix/HackBGRT,Windows boot logo changer for UEFI systems,C#,2.2k,on Aug 18,2,242,0
LandGrey/webshell-detect-bypass,绕过专业工具检测的Webshell研究文章和免杀的Webshell,Classic ASP,1.7k,"on Nov 15, 2020",2,406,0
ccoenraets/backbone-cellar,A Backbone.js tutorial,JavaScript,911,"on May 3, 2012",5,360,3
progoktato/orarend9b,A 2020/21-es évben a 9.b órarendje,HTML,0,"on Nov 3, 2020",0,17,0
bebasid/bebasid,bebasid dapat membantu membuka halaman situs web yang diblokir dengan memanfaatkan hosts file.,Shell,836,8 days ago,0,258,0
keon/awesome-bits,💻 A curated list of awesome bitwise operations and tricks,no language,3.1k,"on Jul 26, 2023",7,213,1
ttskch/select2-bootstrap4-theme,Select2 v4 theme for Bootstrap4,SCSS,435,"on Dec 9, 2022",14,206,7
Alexhuszagh/BreezeStyleSheets,Breeze/BreezeDark-like Qt StyleSheets ,Python,542,8 days ago,0,128,0
intel/cve-bin-tool,"The CVE Binary Tool helps you determine if your system includes known vulnerabilities. You can scan binaries for over 200 common, vulnera…",Python,1.2k,yesterday,142,455,8
adoptium/temurin-build,Eclipse Temurin™ build scripts - common across all releases/versions,Shell,1k,7 hours ago,249,249,14
ChinaLHR/JavaQuarkBBS,基于Spring Boot实现的一个简易的Java社区,Java,880,"on Jun 17, 2022",1,382,5
bitcoin-sv/bitcoin-sv,Bitcoin SV (Satoshi Vision) is the original Bitcoin. This Github repository provides open-source software to enable use of Bitcoin SV.,C++,643,on Aug 13,3,302,2
Seedstars/django-react-redux-base,Seedstars Labs Base Django React Redux Project,JavaScript,2.7k,"on Jun 11, 2021",13,340,10
lijianfeigeek/LJFABTestProtocolDispatcher,iOS A/B Test 协议分发器,Objective-C,40,"on Jan 9, 2017",0,3,0
banksystembg/BankSystem," ASP.NET Core banking system with secure communication capability between instances, cards, secure payments, etc.",C#,244,on Jun 10,2,116,0
zslucky/awesome-AI-books,"Some awesome AI related books and pdfs for learning and downloading, also apply some playground models for learning",Jupyter Notebook,1.3k,"on Apr 3, 2023",0,318,0
pathetiq/BurpSmartBuster,A Burp Suite content discovery plugin that add the smart into the Buster!,Python,382,"on Oct 12, 2020",9,68,2
mart-e/website_b2b,Odoo module providing sales and purchases interface using website front end targeted at B2B retail customers,Python,10,"on Oct 23, 2020",2,10,0
chenxiaolong/DualBootPatcher,Patches Android ROMs for dual boot support,C++,528,"on Apr 20, 2023",263,467,62
blockthreat/blocksec-ctfs,A curated list of blockchain security Capture the Flag (CTF) competitions,no language,1.5k,on Mar 11,2,235,1
planetscale/beam,A simple message board for your organization or project,TypeScript,2.1k,on Mar 17,4,141,3
blackholeearth/Win10_BrightnessSlider,"this app puts a Monitor Brightness icon on Taskbar Tray. for win 7, 8, 10",C#,849,yesterday,21,106,0
Byron4j/CookBook,🎉🎉🎉JAVA高级架构师技术栈==任何技能通过 “刻意练习” 都可以达到融会贯通的境界，就像烹饪一样，这里有一份JAVA开发技术手册，只需要增加自己练习的次数。🏃🏃🏃,Java,913,"on Feb 22, 2023",1,289,4
Yomguithereal/baobab,JavaScript & TypeScript persistent and optionally immutable data tree with cursors.,JavaScript,3.2k,"on May 11, 2022",46,115,3
dexplo/bar_chart_race,Create animated bar chart races in Python with matplotlib,Python,1.4k,on Jun 27,42,351,6
jaggedsoft/php-binance-api,PHP Binance API is an asynchronous PHP library for the Binance API designed to be easy to use. https://github.com/binance-exchange/php-bi…,PHP,605,"on Apr 16, 2023",74,497,10
mcollatz/EpiDope,Prediction of B-cell epitopes from amino acid sequences using deep neural networks.,Python,14,"on Aug 3, 2021",0,10,0
random-robbie/bruteforce-lists,Some files for bruteforcing certain things.,no language,1.1k,on Aug 14,0,347,0
davinci1012/pinduoduo_backdoor_unpacker,Samples and Unpacker of malicious backdoors and exploits developed and used by Pinduoduo,Java,1.2k,"on Mar 27, 2023",15,495,0
lukas-vlcek/bigdesk,Live charts and statistics for Elasticsearch cluster.,JavaScript,1.3k,"on Jul 1, 2022",0,217,0
Twinklebear/spline-viewer,A viewer for B-spline curves and surfaces,Rust,20,"on May 30, 2021",0,4,0
sjl/badwolf,A Vim color scheme.,Vim Script,1.2k,on May 23,14,226,5
CharlieHon/Python,B站黑马程序员Python教程学习笔记,Python,34,"on Sep 30, 2022",0,9,0
niieani/bash-oo-framework,Bash Infinity is a modern standard library / framework / boilerplate for Bash,Shell,5.6k,"on Dec 15, 2023",29,248,7
MaAoyu/B2B2C,B2B2C website by PHP,PHP,14,"on Jun 8, 2016",0,15,0
Stable-Baselines-Team/stable-baselines3-contrib,Contrib package for Stable-Baselines3 - Experimental reinforcement learning (RL) code,Python,466,yesterday,52,173,12
Nightonke/BlurLockView,Lock view with blur effect. Easy to customise.,Java,1k,"on Mar 3, 2017",17,199,1
LukeSmithxyz/based.cooking,A simple culinary website.,CSS,2.2k,on Aug 9,8,539,48
chaconnewu/free-data-science-books,Free resources for learning data science,no language,2.9k,on Jun 5,2,1.1k,1
eclipse/microprofile-service-mesh-service-b,microprofile-service-mesh-service-b,Java,1,"on Jul 20, 2023",4,12,1
TesterlifeRaymond/BeautifulReport,适用于unittest自动化测试的可视化报告,Python,433,"on Sep 8, 2021",24,231,2
yjjnls/awesome-blockchain,⚡️Curated list of resources for the development and applications of blockchain.,Go,3.2k,on Mar 22,4,458,6
chvancooten/BugBountyScanner,A Bash script and Docker image for Bug Bounty reconnaissance. Intended for headless use.,Shell,857,"on Dec 16, 2023",3,118,0
wdas/brdf,BRDF Explorer,C++,2.1k,"on Apr 22, 2023",5,367,0
lguipeng/BubbleView,Bubble View,Java,874,"on Jun 11, 2019",9,170,2
gorhom/react-native-bottom-sheet,A performant interactive bottom sheet with fully configurable options 🚀,TypeScript,6.8k,20 hours ago,51,745,13
basveeling/keras-gcnn,"Roto-reflection equivariant CNNs for Keras as presented in B. S. Veeling, J. Linmans, J. Winkens, T. Cohen, M. Welling. ""Rotation Equivar…",Python,85,"on Dec 26, 2019",6,42,0
BrighterCommand/Brighter,A framework for building messaging apps with .NET and C#.,C#,2k,yesterday,52,256,7
envato-archive/react-ab-experiment,A/B Experiment React Component,JavaScript,18,"on Jan 24, 2023",2,3,4
mingchen/docker-android-build-box,"An optimized docker image includes Android, Kotlin, Flutter sdk.",Dockerfile,542,2 days ago,1,229,0
UnrealCourse/04_BattleTank,"An open-world head-to-head tank fight with simple AI, terrain, and advanced control system in Unreal 4. (ref: BT_URC) http://gdev.tv/urcg…",C++,208,"on Oct 1, 2020",0,285,2
sourabhv/FlapPyBird,A Flappy Bird Clone using python-pygame,Python,1k,on May 17,0,758,0
telly/TLYShyNavBar,"Unlike all those arrogant UINavigationBar, this one is shy and humble! Easily create auto-scrolling navigation bars!",Objective-C,3.7k,"on Sep 20, 2018",64,426,9
angadsinghsandhu/CSE-MIT-Manipal,The collective code required for completing a 4-year B.Tech Computer Science Engineering Course.,C,43,"on Jun 8, 2022",4,10,0
TriumphLLC/Blend4Web,Blend4Web is a tool for interactive 3D visualization on the Internet,HTML,783,"on Dec 20, 2022",8,159,1
Netflix/bless,"Repository for BLESS, an SSH Certificate Authority that runs as a AWS Lambda function",Python,2.7k,on Aug 17,11,222,6
Yomguithereal/react-blessed,A react renderer for blessed.,JavaScript,4.5k,"on May 7, 2021",34,176,5
BetonQuest/BetonQuest,An advanced and powerful quest scripting plugin for Minecraft. Features built-in RPG style conversations and integration for over 30+ oth…,Java,281,3 hours ago,15,138,8
tongpi/basicOCR,BasicOCR是一个致力于解决自然场景文字识别算法研究的项目。该项目由长城数字大数据应用技术研究院佟派AI团队发起和维护。 ,Python,341,"on Oct 13, 2020",2,127,1
spencerwi/Either.java,"A right-biased implementation of ""Either a b"" for Java, using Java 8 for mapping/folding and type inference. ",Java,70,"on Feb 16, 2022",0,13,0
izqui/blockchain,A basic blockchain implementation written in Go,Go,843,"on Aug 28, 2014",5,246,0
TheHamkerCat/Telegram_VC_Bot,Telegram Voice Chat Bot Written In Python Using Pytgcalls & Pyrogram.,Python,358,"on Dec 4, 2022",0,743,0
douban/beansdb,"Archived, see GoBeansDB instead.",C,867,"on Dec 12, 2015",9,237,0
THUYimingLi/BackdoorBox,The open-sourced Python toolbox for backdoor attacks and defenses.,Python,438,on Jul 30,1,70,0
Bashfuscator/Bashfuscator,A fully configurable and extendable Bash obfuscation framework. This tool is intended to help both red team and blue team.,Python,1.6k,"on Sep 5, 2023",16,182,1
realpython/book2-exercises,Book 2 -- Exercises for the book,Python,168,"on Dec 5, 2018",3,203,5
