RepoName,Name,Description,Language,UserName,Stars Gained
xposed,rovo89/Xposed,The native part of the Xposed framework (mainly the modified app_process binary).,C++,rovo89,7.4k
xchange,knowm/XChange,XChange is a Java library providing a streamlined API for interacting with 60+ Bitcoin and Altcoin exchanges providing a consistent inter…,Java,knowm,3.9k
xterm.js,xtermjs/xterm.js,A terminal for the web,TypeScript,xtermjs,17.5k
telegram-x,TGX-Android/Telegram-X,The main repository of Telegram X — official alternative Telegram client for Android.,Java,tgx-android,3.5k
gitx,pieter/gitx,A gitk clone for OS X,Objective-C,pieter,1.8k
tool-x,vaginessa/Tool-X,Tool-X is a kali linux hacking Tools installer for android.,no language,vaginessa,566
ckeditor,galetahub/ckeditor,Ckeditor 4.x integration gem for rails,Ruby,galetahub,2.2k
vertx-examples,vert-x/vertx-examples,Vert.x 2.x is deprecated - use instead,CSS,vert-x,357
emacs-live,overtone/emacs-live,M-x start-hacking,Emacs Lisp,overtone,1.5k
sxiv,xyb3rt/sxiv,Simple X Image Viewer,C,xyb3rt,1.8k
ushahidi_android,ushahidi/Ushahidi_Android,[Deprecated] Ushahidi Android app For Ushahidi V2.x.x. Working on V3.x.x at,Java,ushahidi,202
doprax-xray,yonggekkk/Doprax-Xray,Doprax一键五协议共存脚本：Xray内核，支持vless，vmess，trojan，shadowsocks，socks五协议同时在线，支持Cloudflare Argo隧道自动生成分享链接,Shell,yonggekkk,1.4k
xv6-chinese,ranxian/xv6-chinese,中文版的 MIT xv6 文档,no language,ranxian,3.3k
xnode,Siccity/xNode,Unity Node Editor: Lets you view and edit node graphs inside Unity,C#,siccity,3.3k
lucene-7.x-9.x,LuXugang/Lucene-7.x-9.x,Lucene 7.x~9.x,Java,luxugang,281
xrdp,neutrinolabs/xrdp,xrdp: an open source RDP server,C,neutrinolabs,5.7k
xamarincomponents,xamarin/XamarinComponents,Plugins for Xamarin,C#,xamarin,2k
xposed,rovo89/Xposed,The native part of the Xposed framework (mainly the modified app_process binary).,C++,rovo89,7.4k
xchange,knowm/XChange,XChange is a Java library providing a streamlined API for interacting with 60+ Bitcoin and Altcoin exchanges providing a consistent inter…,Java,knowm,3.9k
xterm.js,xtermjs/xterm.js,A terminal for the web,TypeScript,xtermjs,17.5k
telegram-x,TGX-Android/Telegram-X,The main repository of Telegram X — official alternative Telegram client for Android.,Java,tgx-android,3.5k
gitx,pieter/gitx,A gitk clone for OS X,Objective-C,pieter,1.8k
tool-x,vaginessa/Tool-X,Tool-X is a kali linux hacking Tools installer for android.,no language,vaginessa,566
ckeditor,galetahub/ckeditor,Ckeditor 4.x integration gem for rails,Ruby,galetahub,2.2k
vertx-examples,vert-x/vertx-examples,Vert.x 2.x is deprecated - use instead,CSS,vert-x,357
emacs-live,overtone/emacs-live,M-x start-hacking,Emacs Lisp,overtone,1.5k
aspnetdocs,dotnet/AspNetDocs,Documentation for ASP.NET 4.x,C#,dotnet,325
retrofitclient,Tamicer/RetrofitClient,基于Retrofit2.x和Rxjava2.x封装的请求工具类(内含Retrofit2.x & rxjava1.x),Java,tamicer,543
